headword	family
able	ability
abolish	abolition
abort	abortion
absent	absence
absorb	absorption
absurd	absurdity
abundant	abundance
abuse	abusive
academy	academic;academician
accelerate	acceleration
accept	acceptance;acceptable
access	accessible
accident	accidental
accommodate	accommodation
accomplish	accomplishment
account	accounting;accountant;accountancy
accountable	accountability
accumulate	accumulation;accumulative
accurate	accuracy
accuse	accusation
accustom	accustomed
achieve	achievement
acid	acidity
acknowledge	acknowledgement
acquaint	acquaintance
acquire	acquisition
act	action;acting
active	activity;activist
actor	actress
actual	actually
adapt	adaptation;adaptive
add	addition;additional
addict	addiction;addictive
adequate	adequacy;adequately
adhere	adherence
adjust	adjustment
administer	administration;administrative
admire	admiration;admirable
admit	admission;admittance;admittedly
adolescent	adolescence
adopt	adoption
adore	adorable
adult	adulthood
advance	advancement;advanced
advantage	advantageous
adventure	adventurer;adventurous
adverse	adversity
advertise	advertisement{ad};advertising
advise	advisor{adviser};advisory;advisable
advocate	advocacy
aesthetic	aesthetics
affection	affectionate
affiliate	affiliation
affirm	affirmation;affirmative
affix	affixation
affluent	affluence
afford	affordable;affordability
age	aged;aging{ageing}
agent	agency
aggravate	aggravation
aggressive	aggression
agitate	agitation
agree	agreement;agreeable
agriculture	agricultural
ail	ailment
air-conditioning	air-conditioner
alcohol	alcoholic
alien	alienate;alienation
align	alignment
allege	allegation;alleged;allegedly
allergic	allergy
alleviate	alleviation
allocate	allocation
allot	allotment
allude	allusion
allure	allurement
ally	alliance
alphabet	alphabetic{alphabetical}
alter	alteration
alternate	alternation;alternately
amaze	amazing;amazement
ambiguous	ambiguity
ambition	ambitious
amend	amendment
amplify	amplification
amuse	amusing;amusement
analogue	analogous
analyze	analysis;analytic{analytical};analyst
ancestor	ancestry
anchor	anchorage
anecdote	anecdotal
angry	anger
animate	animated;animation
annex	annexation
announce	announcement
annoy	annoyance
anonymous	anonymity
antagonism	antagonist;antagonistic;antagonistically
anticipate	anticipation
anxious	anxiety
apology	apologize{apologise};apologetic
appal	appalling
apparent	apparently
appeal	appealing
appear	appearance
appease	appeasement
applaud	applause
apply	application;applicant;applicable
appoint	appointment
appraise	appraisal
appreciate	appreciation;appreciative
appropriate	appropriation
approve	approval
approximate	approximately;approximation
apt	aptly
arbitrary	arbitrarily
arbitrate	arbitration
argue	argument;argumentation;argumentative;arguable
aristocrat	aristocratic;aristocracy
arm	armament
arouse	arousal
arrange	arrangement
arrive	arrival
arrogant	arrogance
art	artist;artistic;artistically
articulate	articulation
ascend	ascendance
aspire	aspiration
assassinate	assassination;assassin
assemble	assembly
assert	assertion;assertive
assess	assessment
assign	assignment
assimilate	assimilation
assist	assistance;assistant
associate	association
assume	assumption
assure	assurance
astonish	astonishment
astronomy	astronomer;astronomical
athlete	athletic
atmosphere	atmospheric
atom	atomic
atrocity	atrocious
attach	attachment
attain	attainment
attend	attendance;attendant
attention	attentive
attract	attraction;attractive
attribute	attributable;attributive
auction	auctioneer
audit	auditing;auditor
augment	augmentation
aunt	auntie
authentic	authenticity
authority	authoritative
authorize	authorization{authorisation}
autobiography	autobiographic{autobiographical}
automate	automation;automatic;automatically
autonomous	autonomy
available	availability
avert	aversion
avoid	avoidance
aware	awareness
babyboom	babyboomer
backward	backwards
bake	bakery
bank	banking;banker
bankrupt	bankruptcy
bare	barely
basic	basically
beauty	beautiful;beautify
bed	bedding
beg	beggar
begin	beginning
behave	behavior{behaviour};behavioral{behavioural}
belong	belongings
benefit	beneficial;beneficiary
benevolent	benevolence
best-seller	best-selling
betray	betrayal
bewilder	bewilderment
Bible	Biblical{biblical}
billion	billionaire
biochemistry	biochemical;biochemist
biography	biographical;biographer
biology	biological;biologist
bless	blessing
blood	bloody
boast	boastful
body	bodily
boil	boiler
bond	bondage
bone	bony
bore	boring
botany	botanical
brave	bravery
brew	brewery
bribe	bribery
brief	briefing
bright	brighten
brilliant	brilliance
broad	broaden;breadth
browse	browser
brutal	brutality
Buddhism	Buddhist
budget	budgetary
build	building
bulk	bulky
bureaucrat	bureaucratic;bureaucracy
burglar	burglary
bury	burial
bush	bushy
buy	buyer
calculate	calculation;calculator;calculating
cancel	cancellation
candidate	candidacy
capable	capability
capital	capitalist;capitalism
care	careful;careless
cartoon	cartoonist
carve	carving
catastrophe	catastrophic
caution	cautious
celebrate	celebration
censor	censorship
center	central;centralize{centralise}
ceremony	ceremonial
certain	certainly;certainty
certify	certification
challenge	challenging
champion	championship
chaos	chaotic
character	characteristic;characterize{characterise}
charity	charitable
charm	charming
cheer	cheerful
chemistry	chemical;chemist
child	childish
chill	chilly
choose	choosy
Christ	Christmas;Christian;Christianity
chronic	chronically
circle	circular
circulate	circulation
cite	citation
citizen	citizenship
civil	civilize{civilise};civilization{civilisation}
clarity	clarify;clarification
classic	classical
classify	classification;classified
clear	clearly
clerk	clerical
climate	climatic
clinic	clinical
clothe	clothing
cloud	cloudy
coast	coastal
coexist	coexistence
cognitive	cognition
coherent	coherence
cohesion	cohesive
coin	coinage
coincide	coincidence
collaborate	collaboration;collaborative
collect	collection
collide	collision
colon	semi-colon
colony	colonial;colonialism;colonize{colonise}
color	colorful{colourful}
column	columnist
combat	combative
combine	combination
comfort	comfortable
command	commander
commemorate	commemoration
commence	commencement
commend	commendation
comment	commentary;commentator
commerce	commercial;commercialize{commercialise}
commit	commitment
communicate	communication;communicative
commune	communist;communism
commute	commuter
companion	companionship
compare	comparison;comparative;comparable
compassion	compassionate
compatible	compatibility
compel	compelling
compensate	compensation;compensatory
compete	competition;competitive;competitor
competent	competence
compile	compilation
complacent	complacency
complain	complaint
complement	complementary
complete	completion
complex	complexity
complicate	complicated;complication
compliment	complimentary
comply	compliance
compose	composition;composer
comprehend	comprehension
compress	compression
compute	computer;computerize{computerise};computation
conceal	concealment
concede	concession
conceit	conceited
conceive	conception
concentrate	concentration
concept	conceptual
concern	concerned;concerning
concert	concerted
conclude	conclusion;conclusive
condemn	condemnation
condense	condensation
condition	conditional;conditioner
conduct	conductor
confederation	confederate
confess	confession
confidence	confident;confidential
confine	confinement
confirm	confirmation
conform	conformity
confront	confrontation
Confucian	Confucianism
confuse	confusion
congratulate	congratulation;congratulatory
congregate	congregation
congress	congressional
connect	connection{connecxion}
conquer	conqueror;conquest
conscious	consciousness
consequence	consequent;consequently
conserve	conservation
consider	consideration;considering
consistent	consistency
console	consolation
consolidate	consolidation
conspire	conspiracy
constituent	constituency
constitution	constitutional
constrain	constraint
construct	construction
consulate	consul
consult	consultation;consultative;consultant
consume	consumer;consumption
contain	container;containment
contaminate	contamination
contemplate	contemplation;contemplative
contempt	contemptible
contend	contention;contentious
content	contented
contest	contestant
context	contextual
continent	continental
continue	continuation;continual;continuous;continuity
contract	contractor
contract	contraction
contradict	contradiction;contradictory
contribute	contribution;contributor
controversy	controversial
convenient	convenience
convention	conventional
converge	convergence
converse	conversation
convert	conversion;convertible
convey	conveyance
convict	conviction
convince	convincing
cook	cooker
cooperate	cooperation;cooperative
coordinate	coordination;coordinator
cordial	cordiality
corporation	corporate
correct	correction;corrective
correlate	correlation;correlative
correspond	correspondence;correspondent;corresponding
corrode	corrosion
corrupt	corruption
cosmos	cosmic
cost	costly
council	councilor{councillor}
counsel	counselor{counsellor}
counteract	counteraction
courage	courageous
cover	coverage
coward	cowardly;cowardice
crazy	craze
cream	creamy
create	creation;creative;creator
credible	credibility
credit	creditable
crime	criminal
criticize	criticism;critic;critical
cross	crossing
crowd	crowded
cruel	cruelty
cruise	cruiser
cube	cubic
culminate	culmination
cultivate	cultivation
culture	cultural
cure	curable
curious	curiosity
current	currently
custom	customary
cycle	cycling;cyclist
cynical	cynicism
damp	dampen
danger	dangerous
dare	daring
dark	darkness;darken
data	datum
date	dating
day	daily
deal	dealer;dealing
debt	debtor
deceive	deceit;deception;deceptive
decide	decision;decisive
declare	declaration;declarative
decorate	decoration;decorative
dedicate	dedication
deduce	deducible
deduct	deduction;deductive;deductible
deep	deeply;depth
defect	defective
defect	defection
defend	defense{defence};defensive;defendant
deficient	deficiency
define	definition
definite	definitely
defy	defiance;defiant
degenerate	degeneration
degrade	degradation
delegate	delegation
delete	deletion
deliberate	deliberation
delight	delightful
deliver	delivery
delude	delusion
demand	demanding
democracy	democratic;democrat
demonstrate	demonstration{demo};demonstrative
denote	denotation
denounce	denunciation
dense	density
deny	denial
depart	departure
depend	dependent;dependence;dependable
depict	depiction
deplete	depletion
deploy	deployment
deport	deportation
depreciate	depreciation
depress	depression
deprive	deprivation
derail	derailment
deregulate	deregulation
derive	derivative;derivation
descend	descent;descendant
describe	description;descriptive
desert	desertion
design	designer
designate	designation
desire	desirable;desirability;desirous
despair	desperate
destiny	destined
destroy	destruction;destructive
detach	detached;detachment
detail	detailed
detain	detention
detect	detection;detective
deter	deterrent
deteriorate	deterioration
determine	determination;determined
detriment	detrimental
devastate	devastating;devastation
develop	development;developmental;developer
deviate	deviation
devote	devotion
diagnose	diagnosis
dictate	dictation;dictator
die	dying
diet	dietary
differ	difference;different
differentiate	differentiation
difficult	difficulty
diffuse	diffusion
digest	digestion;digestive
digit	digital
dignity	dignify
diligent	diligence
dilute	dilution
dimension	dimensional
dine	diner
diplomat	diplomatic;diplomacy
direct	direction;director
dirt	dirty
disable	disabled;disability
disagree	disagreement
disappear	disappearance
disappoint	disappointment;disappointing
disapprove	disapproval
disarm	disarmament
disaster	disastrous
discipline	disciplined;disciplinary
disclose	disclosure
discover	discovery
discriminate	discrimination;discriminatory
discuss	discussion
disgust	disgusting
disintegrate	disintegration
dismiss	dismissal
displace	displacement
dispose	disposal
dispute	disputable
disrupt	disruptive;disruption
distance	distant
distinct	distinction;distinctive
distinguish	distinguishable
distort	distortion
distract	distraction
distress	distressful
distribute	distribution;distributive
disturb	disturbance
diverse	diversify;diversity
divert	diversion
divide	division;divisive
doctor	doctorate;doctoral
document	documentary
dominate	domination;dominance;dominant
donate	donation;donor
dose	dosage
doubt	doubtful;doubtless
downward	downwards
drain	drainage
drama	dramatic;dramatically
drastic	drastically
draw	drawing
dread	dreadful
dream	dreamy
drive	driver
drunk	drunken;drunkard
dry	dryer
due	duly
duplicate	duplication
durable	durability
dust	dusty
dwell	dweller;dwelling
dynamic	dynamics
earn	earnings
east	eastern
easy	easily
ecology	ecological
economics	economist
economy	economic;economical
edit	editor;edition
educate	education;educational;educator
effect	effective
efficient	efficiency
ego	egoism;egoist
eject	ejection
elaborate	elaboration
elastic	elasticity
elder	elderly
elect	election;elective
electoral	electorate
electricity	electric{electrical};electrician
electron	electronic;electronically;electronics
elegant	elegance
elevate	elevation;elevator
eligible	eligibility
eliminate	elimination
eloquent	eloquence
emancipate	emancipation
embarrass	embarrassment
embody	embodiment
emerge	emergence
emigrate	emigration;emigrant
eminent	eminence
emit	emission
emotion	emotional
emperor	empress
emphasis	emphasize{emphasise};emphatic
employ	employment;employer;employee
empty	emptiness
emulate	emulation
enact	enactment
enclose	enclosure
encourage	encouragement;encouraging
end	ending;endless
endorse	endorsement
endow	endowment
endure	endurance
energy	energetic;energetically
enforce	enforcement
engage	engagement
engineer	engineering
enhance	enhancement
enjoy	enjoyable;enjoyment
enlighten	enlightenment;enlightening
enquire	enquiry
enrol	enrolment{enrollment}
enter	entrance;entry
enterprise	enterprising
entertain	entertainment;entertaining
enthusiasm	enthusiastic;enthusiastically;enthusiast
entire	entirety
entrepreneur	entrepreneurial
environment	environmental;environmentalist
envy	envious
equal	equally;equality
equate	equation
equip	equipment
equity	equitable
equivalent	equivalence
eradicate	eradication
erase	eraser
erect	erection
erode	erosion;erosive
err	error;erroneous
erupt	eruption
escalate	escalation;escalator
essay	essayist
essence	essential
establish	establishment
esthetic	esthetics{aesthetics}
estimate	estimation
eternal	eternity
ethic	ethics
evacuate	evacuation
evade	evasive;evasion
evaluate	evaluation
evaporate	evaporation
even	evenly
event	eventful
eventually	eventual;eventuality
evident	evidence
evolve	evolution;evolutionary
exaggerate	exaggeration
examine	exam{examination};examiner;examinee
example	exemplary;exemplify
exceed	exceedingly
excellent	excellence
exception	exceptional
excess	excessive
excite	exciting;excitement
exclaim	exclamation;exclamatory
exclude	exclusion;exclusive
execute	execution;executive
exempt	exemption
exert	exertion
exhaust	exhaustion;exhaustive
exhibit	exhibition
exist	existence;existent;existing
expand	expansion;expansive
expect	expectation;expectancy
expend	expenditure
expense	expensive
experience	experienced
experiment	experimental
expire	expiration
explain	explanation;explanatory
explode	explosion;explosive
exploit	exploitation
explore	exploration
export	exportation
expose	exposure
express	expression;expressive
extend	extension;extensive;extended
extinct	extinction
extract	extraction
extravagant	extravagance
extreme	extremity
fabricate	fabrication
face	facial
facility	facilitate;facilitation
fact	factual
fail	failure
fair	fairly
faith	faithful
false	falsehood
fame	famous
familiar	familiarity;familiarize{familiarise}
fantasy	fantastic
farm	farmer;farming
fascinate	fascinating;fascination
fascist	fascism
fashion	fashionable
fatal	fatality
father	fatherly
fault	faulty
favor	favorable{favourable};favorite{favourite}
fear	fearful
feasible	feasibility
feel	feeling
fellow	fellowship
feminine	feminism;feminist
fertile	fertility;fertilizer{fertiliser}
fever	feverish
fiction	fictional
figure	figurative
fill	filling
final	finally;finalize{finalise}
finance	financial
find	finding
first	firstly
fish	fishing;fisherman
fix	fixed;fixture;fixation
flatter	flattery
flaw	flawless
flexible	flexibility
flirt	flirtation
fluctuate	fluctuation
fluent	fluency
fly	flight
fog	foggy
follow	following
fool	foolish
force	forceful
foreign	foreigner
foresee	foreseeable
forest	forestry
forge	forgery
forget	forgetful;forgettable
forgive	forgiving
form	formation
formal	formality
formulate	formulation
fortify	fortification
fortune	fortunate
found	founding;founder
fragile	fragility
fragment	fragmentation;fragmentary
fragrant	fragrance
frantic	frantically
fraud	fraudulent
free	freedom
frequent	frequency
friend	friendly;friendship
fright	frighten
frost	frosty
fruit	fruitful
frustrate	frustration;frustrating
fulfil	fulfilment{fulfillment}
fun	funny
function	functional
fund	funding
fury	furious
futile	futility
gadget	gadgetry
gang	gangster
garden	gardener;gardening
gather	gathering
gene	genetic;genetically
general	generally;generalize{generalise}
generate	generator
generous	generosity
geography	geographic;geographically
geology	geological;geologically
geometry	geometric;geometrically
giant	gigantic
gift	gifted
glamor	glamorous{glamourous}
glide	glider
globe	global;globalize{globalise}
gloom	gloomy
glory	glorious
gold	golden
govern	government;governor
grace	graceful;gracious
gradual	gradually
graduate	graduation
grammar	grammatical
grandchild	grandchildren;grandson;granddaughter
grandparent	grandfather;grandmother
grant	granted
graph	graphic;graphically
grass	grassy
grease	greasy
greed	greedy
greet	greeting
grief	grieve;grievous
grocer	grocery
grow	growth
guard	guardian
guide	guidance
guilt	guilty
guitar	guitarist
habit	habitual
hack	hacker
hair	hairy
hand	handful
handicap	handicapped
happy	happiness;happily
harass	harassment
hard	harden
harm	harmful;harmless
harmony	harmonious
haste	hasty;hasten
hate	hatred;hateful
hazard	hazardous
haze	hazy
headmaster	headmistress
health	healthy;healthful
hear	hearing
heart	hearty
heat	heated;heating
height	heighten
heir	heiress
help	helpful;helpless;helplessly
herb	herbal
hero	heroic;heroism
hesitate	hesitation;hesitant
hibernate	hibernation
hide	hiding
hierarchy	hierarchical
high	highly
hill	hilly
hinder	hindrance
history	historic;historical;historian
holy	holiness
home	homeless;homely
honest	honesty
honor	honorable{honourable};honorary{honourary}
hope	hopeful;hopeless
horizon	horizontal
horror	horrible;horrify
hospital	hospitalize
hospitable	hospitality
host	hostess
hostile	hostility
hour	hourly
house	housing
human	humanity
humane	humanism;humanist;humanitarian
humble	humbly
humid	humidity
humiliate	humiliation
humor	humorous{humourous}
hunger	hungry
hunt	hunting;hunter
hurry	hurriedly
hurt	hurtful
hygiene	hygienic
hypocrisy	hypocritical;hypocrite
hypothesis	hypothetical
hysterical	hysteria
ice	icy
ideal	idealistic;idealism
identify	identification
identity	identical
ideology	ideological
idiom	idiomatic
idiot	idiotic
idle	idly
ignite	ignition
ignorant	ignorance
ill	illness
illiterate	illiteracy
illuminate	illumination
illusion	illusory
illustrate	illustration;illustrative
image	imaging
imagine	imagination;imaginative;imaginary
imitate	imitation;imitative
immediate	immediately
immense	immensely;immensity
immerse	immersion
immigrate	immigration;immigrant
immune	immunity;immunize{immunise}
impatient	impatience
imperial	imperialism;imperialist
implement	implementation
imply	implication
import	importation
important	importance
impose	imposition;imposing
impossible	impossibility
impress	impression;impressive
imprison	imprisonment
improve	improvement
impulse	impulsive
inaugurate	inauguration
incident	incidental;incidentally
incline	inclined;inclination
include	inclusion;inclusive;including
incorporate	incorporation
increase	increasingly
incredible	incredibly
independent	independence
indicate	indication;indicative;indicator
indict	indictment
indifferent	indifference
indignant	indignation
individual	individualism
indoor	indoors
induce	inducement
indulge	indulgence;indulgent
industry	industrial;industrialize{industrialise};industrious
infect	infection;infectious
infer	inference
inferior	inferiority
infinite	infinity;infinitive
inflate	inflation
inflict	infliction
influence	influential
inform	information;informative;informant
infringe	infringement
ingenious	ingenuity
inhabit	inhabitant
inherit	inheritance
inhibit	inhibition
initial	initially
initiate	initiation;initiative
inject	injection
injure	injury;injurious
innocent	innocence
innovate	innovation;innovative
inquire	inquiry{enquiry};inquisitive
insane	insanity
insert	insertion
inside	insider
insight	insightful
insist	insistence;insistent
inspect	inspection;inspector
inspire	inspiration;inspirational
instal	instalation{installation}
instant	instantaneous
instinct	instinctive
institution	institutional
instruct	instruction;instructor;instructive
instrument	instrumental
insulate	insulation;insulator
insure	insurance
integrate	integration
intelligent	intelligence
intend	intention;intent;intentional
intense	intensity;intensify
interact	interaction;interactive
interest	interesting;interested
interfere	interference
intermediate	intermediary
interpret	interpretation;interpreter
interrogate	interrogation
interrupt	interruption
intervene	intervention
interview	interviewer;interviewee
intimate	intimacy
intimidate	intimidation
intricate	intricacy
intrinsic	intrinsically
introduce	introduction;introductory
intrude	intrusion;intruder
intuition	intuitive
invade	invasion;invader;invasive
invent	invention;inventor
invert	inversion
invest	investment;investor
investigate	investigation;investigator
invite	invitation;inviting
involve	involvement;involved
irony	ironic{ironical};ironically
irrigate	irrigation
irritate	irritation;irritating;irritable
isolate	isolation
jealous	jealousy
jeopardize	jeopardy
jewel	jewelery{jewellery}
journalism	journalist
joy	joyous;joyful
judge	judgment{judgement}
juice	juicy
jury	juror
justify	justification
kind	kindness
knot	knotty
know	knowledge;knowledgeable
labor	laborious
land	landing
large	largely
last	lastly
late	later
laugh	laughter
law	lawful
lazy	laziness
lead	leader;leadership;leading
learn	learned;learning;learner
lecture	lecturer
left	leftist
legal	legalize{legalise}
legend	legendary
legislate	legislation;legislative;legislator
legitimate	legitimacy
leisure	leisurely
lemon	lemonade
lenient	leniency
lever	leverage
