commute			0
compact			0
companion			0
company			0
compare			0
compartment			1
compass			0
compassion			1
compatible			0
compel			0
compensate			0
compete			0
competent			0
compile			1
complacent			1
complain			0
complement			1
complete			0
complex			0
complexion			1
complicate			0
compliment			1
comply			0
component			0
compose			0
composite			1
compound		1	0
compound		2	0
comprehend			0
comprehensive			0
compress			1
comprise			0
compromise			0
compulsory			0
compute			0
comrade			0
conceal			0
concede			1
conceit			1
conceive			1
concentrate			0
concept			0
concern			0
concert			0
concise			1
conclude			0
concrete			0
concurrent			1
condemn			0
condense			0
condition			0
condolence			1
conducive			1
conduct			0
confederation			1
confer			1
conference			0
confess			0
confide			1
confidence			0
configuration			1
confine			0
confirm			0
conflict			0
conform			0
confront			0
Confucian			0
confuse			0
congratulate			0
congregate			1
congress			0
conjunction			0
connect			0
connotation			1
conquer			0
conscience			0
conscientious			0
conscious			0
consecutive			1
consensus			0
consent			0
consequence			0
conservative			0
conserve			1
consider			0
considerable			0
considerate			0
consist			0
consistent			0
console			1
consolidate			0
conspicuous			1
conspire			1
constant			0
constituent			1
constitute			0
constitution			0
constrain			1
construct			0
consulate			1
consult			0
consume			0
contact			0
contagious			1
contain			0
contaminate			0
contemplate			1
contemporary			0
contempt			0
contend			0
content		1	0
content		2	0
contest			0
context			0
continent			0
contingent			1
continue			0
contract		1	0
contract		2	0
contradict			0
contrary			0
contrast			0
contribute			0
contrive			1
control			0
controversy			0
convene			1
convenient			0
convention			0
converge			1
converse		1	0
converse		2	1
convert			0
convey			0
convict			1
convince			0
convoy			1
cook			0
cookie			0
cool			0
cooperate			0
coordinate			0
cop			0
cope			0
copper			0
copy			0
copyright			0
coral			1
cord			0
cordial			1
core			0
cork			1
corn			0
corner			0
cornerstone			0
corporal			1
corporation			0
corps			0
corpse			1
correct			0
correlate			1
correspond			0
corridor			0
corrode			1
corrupt			0
cosmetic			1
cosmopolitan			1
cosmos			0
cost			0
costume			0
cottage			0
cotton			0
couch			0
cough			0
could			0
council			0
counsel			0
count			0
countdown			0
counter			0
counteract			1
counterfeit			1
counterpart			0
country			0
countryside			0
county			0
coup	coup d'état		1
couple			0
coupon			0
courage			0
course			0
court		1	0
court		2	0
courtesy			1
courtyard			0
cousin			0
cover			0
cow			0
coward			0
cowboy			0
cozy	cosy		1
crab			0
crack			0
crackdown			1
cracker			0
cradle			1
craft			0
cram			1
crane			0
crash			0
crate			1
crave			1
crawl			0
crazy			0
cream			0
create			0
creature			0
credential			1
credible			1
credit			0
creep			0
crew			0
cricket			1
crime			0
cripple			1
crisis			0
crisp			1
criterion			0
criticize	criticise		0
crocodile			0
crop			0
cross			0
crouch			1
crow			1
crowd			0
crown			0
crucial			0
crude			1
cruel			0
cruise			0
crumble			1
crunch			1
crush			0
crust			1
cry			0
crystal			0
cub			1
cube			0
cucumber			0
cue			0
cuisine			1
culminate			1
cult			1
cultivate			0
culture			0
cumulative			1
cunning			1
cup			0
cupboard			0
curb			0
cure			0
curfew			1
curious			0
curl			0
currency			0
current			0
curriculum			0
curse			0
curtail			1
curtain			0
curve			0
cushion			0
custody			1
custom			0
customer			0
customs			0
cut			0
cute			0
cyberspace			0
cycle			0
cylinder			1
cynical			1
dad	daddy		0
daily			0
dairy			0
dam			0
damage			0
damn			0
damp			0
dance			0
danger			0
dare			0
dark			0
darling			0
dart			1
dash			0
data			0
database			0
date		1	0
date		2	0
daughter			0
dawn			0
day			0
daylight			0
dazzle			1
dead			0
deadline			0
deadlock			1
deadly			0
deaf			0
deal		1	0
deal		2	0
dean			0
dear			0
death			0
debate			0
debris			1
debt			0
debut			1
decade			0
decay			0
deceive			0
December			0
decent			0
decide			0
decimal			1
deck			0
declare			0
decline			0
decorate			0
decrease			0
decree			1
dedicate			1
deduce			1
deduct			1
deed			0
deem			0
deep			0
deer			0
default			1
defeat			0
defect		1	0
defect		2	0
defend			0
defer			1
deficient			0
deficit			0
define			0
definite			0
defy			0
degenerate			1
degrade			1
degree			0
delay			0
delegate			0
delete			0
deliberate			0
delicacy			1
delicate			0
delicious			0
delight			0
deliver			0
delude			1
demand			0
democracy			0
demographic			1
demonstrate			0
denote			1
denounce			1
dense			0
dent			0
dental			0
dentist			0
deny			0
depart			0
department			0
depend			0
depict			1
deplete			1
deplore			1
deploy			1
deport			1
deposit			0
depot			1
depreciate			1
depress			0
deprive			0
depth			0
deputy			0
derail			1
deregulate			1
derive			0
descend			0
describe			0
desert		1	0
desert		2	0
deserve			0
design			0
designate			1
desire			0
desk			0
desktop			0
desolate			1
despair			0
despatch			0
despise			1
despite			0
dessert			0
destination			0
destiny			1
destroy			0
detach			1
detail			0
detain			1
detect			0
deter			1
detergent			1
deteriorate			0
determine			0
detriment			1
devastate			1
develop			0
deviate			1
device			0
devil			0
devise			0
devote			0
devour			1
dew			0
diabetes			0
diagnose			0
diagram			0
dial			0
dialect			0
dialog	dialogue		0
diameter			0
diamond			0
diary			0
dictate			0
dictionary			0
die			0
diesel			1
diet			0
differ			0
differentiate			1
difficult			0
diffuse			1
dig			0
digest			0
digit			0
dignity			0
dilemma			0
diligent			0
dilute			1
dim			0
dime			0
dimension			0
diminish			1
dine			0
dinner			0
dinosaur			1
dioxide			0
dip			0
diploma			0
diplomat			0
direct			0
directory			1
dirt			0
disable			0
disagree			0
disappear			0
disappoint			0
disapprove			0
disarm			1
disaster			0
discard			0
discern			1
discharge			0
discipline			0
disclose			1
disco			0
discord			1
discount			0
discourage			0
discourse			1
discover			0
discreet			1
discrepancy			1
discriminate			0
discuss			0
disease			0
disguise			0
disgust			0
dish			0
disintegrate			0
disk	disc		0
dislike			0
dismantle			1
dismay			1
dismiss			0
disorder			0
dispatch	despatch		1
dispense			1
disperse			1
displace			1
display			0
dispose			0
disposition			1
dispute			0
disregard			1
disrupt			0
dissent			1
dissertation			1
dissident			1
dissolve			0
distance			0
distil	distill		1
distinct			0
distinguish			0
distort			1
distract			0
distress			0
distribute			0
district			0
disturb			0
ditch			0
dive			0
diverse			0
divert			1
divide			0
dividend			1
divine			1
divorce			0
dizzy			0
do			0
dock			0
doctor			0
doctrine			1
document			0
dodge			1
dog			0
dogma			1
dole			1
doll			0
dollar			0
dolphin			0
domain			1
dome			1
domestic			0
dominate			0
donate			0
donkey			0
doom			0
door			0
dormitory	dorm		0
dose			0
dot			0
double			0
doubt			0
dough			1
dove			0
down			0
downgrade			1
download			0
downstairs			0
downtown			0
downward			0
doze			1
dozen			0
draft			0
drag			0
dragon			0
drain			0
drama			0
drastic			0
draw			0
drawback			1
drawer			0
dread			1
dream			0
dress			0
dressing			1
drift			0
drill			0
drink			0
drip			0
drive			0
drop			0
dropout			0
drought			0
drown			0
drug			0
drum			0
drunk			0
dry			0
dual			0
dub			1
dubious			1
duck			0
due			0
dull			0
dumb			0
dump			0
duplicate			1
durable			0
duration			0
during			0
dusk			0
dust			0
duty			0
dwarf			1
dwell			1
dye			0
dynamic			0
dynasty			0
each			0
eager			0
eagle			0
ear			0
early			0
earn			0
earnest			0
earth			0
earthquake			0
ease			0
east			0
Easter			1
easy			0
easy-going			0
eat			0
eccentric			1
echo			0
eclipse			1
ecology			0
economics			0
economy			0
ecosystem			1
edge			0
edible			1
edit			0
editorial			0
educate			0
effect			0
efficient			0
effort			0
egg			0
eggplant			0
ego			1
eight			0
eighteen			0
eighth			0
eighty			0
either			0
eject			1
elaborate			1
elapse			1
elastic			1
elbow			0
elder			0
elect			0
electoral			1
electricity			0
electron			0
elegant			0
element			0
elementary			0
elephant			0
elevate			0
eleven			0
elicit			1
eligible			1
eliminate			0
elite			0
eloquent			1
else			0
elsewhere			0
email			0
emancipate			1
embargo			1
embark			1
embarrass			0
embassy			0
embed			1
embody			1
embrace			0
embroidery			1
emerge			0
emergency			0
emigrate			1
eminent			1
emit			0
emotion			0
emperor			0
emphasis			0
empire			0
empirical			1
employ			0
empty			0
emulate			1
enable			0
enact			1
enclose			1
encounter			0
encourage			0
encyclopedia	encyclopaedia		1
end			0
endanger			0
endeavor	endeavour		1
endorse			1
endow			1
endure			0
enemy			0
energy			0
enforce			0
engage			0
engine			0
engineer			0
enhance			0
enjoy			0
enlarge			0
enlighten			0
enlist			1
enormous			0
enough			0
enquire			0
enrich			0
enrol	enroll		0
ensue			1
ensure			0
entail			1
enter			0
enterprise			0
entertain			0
enthusiasm			0
entire			0
entitle			0
entity			1
entrepreneur			0
entrust			1
envelop			1
envelope			0
environment			0
envisage			1
envoy			1
envy			0
epic			1
epidemic			1
episode			0
epoch			1
equal			0
equate			1
equator			1
equip			0
equity			1
equivalent			0
era			0
eradicate			1
erase			0
erect			1
erode			1
err			0
errand			1
erupt			1
escalate			1
escape			0
escort			1
especially			0
essay			0
essence			0
establish			0
estate			0
esteem			1
esthetic	aesthetic		1
estimate			0
eternal			0
ethic			0
ethnic			0
etiquette			1
euro			0
evacuate			1
evade			1
evaluate			0
evaporate			1
eve			0
even			0
evening			0
event			0
eventually			0
ever			0
every			0
everybody			0
everyday			0
everyone			0
everything			0
everywhere			0
evident			0
evil			0
evoke			1
evolve			0
exact			0
exaggerate			0
examine			0
example			0
exceed			0
excel			0
excellent			0
except			0
exception			0
excerpt			1
excess			0
exchange			0
excite			0
exclaim			0
exclude			0
excursion			0
excuse			0
execute			0
exempt			1
exercise			0
exert			0
exhaust			0
exhibit			0
exile			0
exist			0
exit			0
exotic			1
expand			0
expect			0
expedition			1
expel			0
expend			0
expense			0
experience			0
experiment			0
expert			0
expertise			0
expire			1
explain			0
explicit			0
explode			0
exploit			0
explore			0
exponent			1
export			0
expose			0
exposition			1
express			0
expressway			0
exquisite			1
extend			0
extent			0
exterior			0
external			0
extinct			1
extinguish			0
extra			0
extract			1
extraordinary			0
extravagant			1
extreme			0
eye			0
eyebrow			0
eyesight			0
fable			0
fabric			0
fabricate			1
fabulous			1
face			0
facet			1
facility			0
fact			0
faction			1
factor			0
factory			0
faculty			0
fade			0
fail			0
faint			0
fair		1	0
fair		2	0
fairy			0
faith			0
fake			0
fall		1	0
fall		2	0
false			0
fame			0
familiar			0
family			0
famine			0
fan			0
fancy			0
fantasy			0
far			0
fare			0
farewell			0
farm			0
farther			0
fascinate			0
fascist			1
fashion			0
fast			0
fasten			0
fat			0
fatal			0
fate			0
father			0
fatigue			0
fault			0
favor	favour		0
fax			0
fear			0
feasible			0
feast			1
feat			1
feather			0
feature			0
February			0
federal			0
federation			0
fee			0
feeble			1
feed			0
feedback			0
feel			0
fellow			0
female			0
feminine			1
fence			0
ferry			0
fertile			0
festival			0
fetch			0
fever			0
few			0
fiber	fibre		0
fiction			0
field			0
fierce			0
fifteen			0
fifth			0
fifty			0
fight			0
figure			0
file			0
fill			0
film			0
filter			0
final			0
finance			0
find			0
fine		1	0
fine		2	0
finger			0
fingerprint			0
finish			0
finite			1
fire			0
fireman			0
fireplace			0
fireworks			0
firm		1	0
firm		2	0
first			0
fiscal			1
fish			0
fist			0
fit			0
five			0
fix			0
flag			0
flame			0
flank			1
flap			1
flare			1
flash			0
flat		1	0
flat		2	0
flatter			1
flavor	flavour		0
flaw			0
flee			0
fleet			0
flesh			0
flexible			0
fling			1
flip			1
flirt			1
float			0
flock			0
flood			0
floor			0
flour			0
flourish			0
flow			0
flower			0
fluctuate			0
fluent			0
fluid			0
flush			1
